country,code,continent,population,population_density,median_age,gdp_per_capita,life_expectancy,hospital_beds_per_thousand,human_development_index,diabetes_prevalence,extreme_poverty
Afghanistan,AFG,Asia,40578847,62.21554946899414,16.75200080871582,1964.4522705078125,65.61699676513672,0.3499999940395355,NA,11.699999809265137,NA
Albania,ALB,Europe,2827614,103.19759368896484,35.94300079345703,22724.29296875,78.768798828125,2.9000000953674316,NA,10.600000381469728,0.3409224562346935
Algeria,DZA,Africa,45477391,19.094181060791016,27.982999801635746,15882.7138671875,76.12889862060547,1.6100000143051147,NA,17.5,0
American Samoa,ASM,Oceania,48365,241.8249969482422,27.927000045776367,NA,72.7520980834961,NA,NA,NA,NA
Andorra,AND,Europe,79722,169.62127685546875,42.832000732421875,67993.0546875,84.01640319824219,NA,NA,10.100000381469728,NA
Angola,AGO,Africa,35635028,28.58348274230957,16.389999389648438,8760.1904296875,64.24549865722656,0.75,NA,4.900000095367432,39.29470479488373
Anguilla,AIA,North America,14202,157.8000030517578,37.77299880981445,NA,79.11940002441406,NA,NA,NA,NA
Antigua and Barbuda,ATG,North America,92850,211.0227203369141,35.071998596191406,30620.306640625,77.4832992553711,3.4200000762939453,NA,11.600000381469728,NA
Argentina,ARG,South America,45407904,16.59227180480957,31.73900032043457,27846.59765625,75.80609893798828,3.359999895095825,NA,14,NA
Armenia,ARM,Asia,2880880,101.19002532958984,35.814998626708984,21153.478515625,74.63330078125,4.239999771118164,NA,7.699999809265137,0.78427754342556
Aruba,ABW,North America,107792,598.84442138671875,40.766998291015625,45428.00390625,76.225799560546875,NA,NA,4.599999904632568,NA
Australia,AUS,Oceania,26200987,3.4062557220458984,37.512001037597656,60194.0625,82.76619720458984,3.819999933242798,NA,7.400000095367432,0.8999999612569809
Austria,AUT,Europe,9064678,109.84825134277344,42.832000732421875,63970.40234375,81.2958984375,6.699999809265137,NA,5.400000095367432,0.5282233003526926
Azerbaijan,AZE,Asia,10295307,124.56511688232422,32.0620002746582,22314.216796875,74.125,3.680000066757202,NA,10.199999809265137,NA
Bahamas,BHS,North America,397542,39.71448516845703,34.23400115966797,36244.05078125,74.49109649658203,2.1700000762939453,NA,8.899999618530273,NA
Bahrain,BHR,Asia,1533460,1941.088623046875,31.683000564575195,60669.62890625,80.99210357666016,1.840000033378601,NA,22.100000381469727,NA
Bangladesh,BGD,Asia,169384891,1301.259033203125,24.989999771118164,8676.755859375,74.26470184326172,0.9200000166893004,NA,13.199999809265137,5.909079313278198
Barbados,BRB,North America,282324,656.56744384765625,38.652000427246094,22127.361328125,75.67610168457031,6.400000095367432,NA,13.199999809265137,1.6773976385593414
Belarus,BLR,Europe,9173240,45.19950866699219,40.19200134277344,29666.2109375,74.36119842529297,9.770000457763672,NA,5.099999904632568,0
Belgium,BEL,Europe,11641814,384.4720458984375,41.1510009765625,63488.421875,81.15889739990234,5.420000076293945,NA,5.900000095367432,0.08690045215189457
Belize,BLZ,North America,402741,17.656335830688477,25.520999908447266,12788.8427734375,72.190399169921875,1,NA,14.100000381469728,1.0364782996475697
Benin,BEN,Africa,13759507,122.02471923828124,17.645999908447266,4116.21533203125,60.475101470947266,0.4300000071525574,NA,8.100000381469727,27.223417162895203
Bermuda,BMU,North America,64772,1199.4814453125,44.702999114990234,104299.9453125,82.06159973144531,NA,NA,13.399999618530272,NA
Bhutan,BTN,Asia,780921,20.47511863708496,28.809999465942383,16743.87109375,72.753997802734375,2.1600000858306885,NA,12,0.00695353883202187
Bolivia,BOL,South America,12077156,11.148487091064451,24.392000198364254,11000.5341796875,67.43419647216797,1.4900000095367432,NA,3.4000000953674316,2.050207182765007
Bonaire Sint Eustatius and Saba,BES,North America,28654,88.987579345703125,39.77299880981445,NA,78.15450286865234,NA,NA,NA,NA
Bosnia and Herzegovina,BIH,Europe,3204802,62.593788146972656,44.55899810791016,21178.2265625,76.7771987915039,2.3499999046325684,NA,10.300000190734863,0.2674536546692252
Botswana,BWA,Africa,2439895,4.305215835571289,22.604000091552734,17687.205078125,68.74870300292969,2.359999895095825,NA,4.599999904632568,21.36525958776474
Brazil,BRA,South America,210306411,25.161867141723633,33.50600051879883,20024.697265625,74.87190246582031,2.5199999809265137,NA,10.600000381469728,3.0075229704380035
British Virgin Islands,VGB,North America,38346,255.63999938964844,37.119998931884766,NA,77.177001953125,NA,NA,NA,NA
Brunei,BRN,Asia,455374,86.40872955322266,31.275999069213867,78985.125,72.91709899902344,3.5799999237060547,NA,13.699999809265137,NA
Bulgaria,BGR,Europe,6825862,62.87639999389648,44.15399932861328,35325.53125,74.0342025756836,8.199999809265137,NA,7.400000095367432,1.0110015980899334
Burkina Faso,BFA,Africa,22509038,82.2698745727539,17.041000366210938,2624.82861328125,60.70000076293945,0.20000000298023224,NA,4.5,42.06163287162781
Burundi,BDI,Africa,13321102,518.7344970703125,15.67199993133545,1066.512939453125,62.88190078735352,0.6899999976158142,NA,4.300000190734863,74.19917583465576
Cambodia,KHM,Asia,17201721,97.44913482666016,25.59600067138672,7300.08056640625,70.52799987792969,0.7300000190734863,NA,7.5,NA
Cameroon,CMR,Africa,27632770,58.45607376098633,17.62299919128418,4945.95654296875,62.44279861450195,2.6500000953674316,NA,6.900000095367432,26.691800355911255
Canada,CAN,North America,38821259,4.417178630828857,40.25299835205078,57989.578125,81.249298095703125,2.5399999618530273,NA,7.699999809265137,0.3000000026077032
Cape Verde,CPV,Africa,519750,128.97023010253906,27.32200050354004,10395.7412109375,75.90679931640625,2.2100000381469727,NA,6.800000190734863,14.604078233242037
Cayman Islands,CYM,North America,71610,298.375,37.499000549316406,80996.6484375,79.984100341796875,NA,NA,11.100000381469728,NA
Central African Republic,CAF,Africa,5098038,8.183309555053711,14.29800033569336,1122.7608642578125,18.817699432373047,1,NA,7.599999904632568,71.61734700202942
Chad,TCD,Africa,18455319,14.656384468078612,15.10200023651123,2480.509521484375,54.52750015258789,0.15000000596046448,NA,7.300000190734863,39.47537541389465
Chile,CHL,South America,19553033,26.29750061035156,35.5260009765625,30863.421875,79.17620086669922,1.940000057220459,NA,12.199999809265137,0.39967475458979607
China,CHN,Asia,1425179562,151.8052520751953,38.53400039672851,25066.521484375,78.20210266113281,5.630000114440918,NA,11.899999618530272,0
Colombia,COL,South America,51737944,46.63176727294922,31.180999755859375,18778.6484375,76.50810241699219,1.7000000476837158,NA,8.399999618530273,8.500736206769943
Comoros,COM,Africa,834191,448.248779296875,20.10199928283691,3621.766357421875,66.48059844970703,NA,NA,10.800000190734863,5.066828802227974
Congo,COG,Africa,6035104,17.672340393066406,18.20199966430664,6194.08984375,65.00029754638672,NA,NA,8.100000381469727,39.2168790102005
Cook Islands,COK,Oceania,14747,61.44583511352539,34.10900115966797,NA,75.07869720458984,NA,NA,NA,NA
Costa Rica,CRI,North America,5081764,99.5253448486328,33.5359992980957,28443.412109375,79.31639862060547,1.1399999856948853,NA,9.800000190734863,0.7546557113528252
Cote d'Ivoire,CIV,Africa,30395004,95.58177185058594,17.992000579833984,7014.845703125,61.562198638916016,NA,NA,5,20.82609534263611
Croatia,HRV,Europe,3907031,69.81828308105469,44.61100006103515,44172.04296875,78.27790069580078,5.599999904632568,NA,10.5,0.2627608831971884
Cuba,CUB,North America,11059822,106.54934692382812,41.505001068115234,NA,77.62909698486328,4.329999923706055,NA,9.399999618530272,NA
Curacao,CUW,North America,185350,417.4549560546875,37.95399856567383,28762.05859375,76.72869873046875,NA,NA,13.399999618530272,NA
Cyprus,CYP,Europe,1331376,144.08831787109375,37.3390007019043,54103.26171875,80.43370056152344,2.1500000953674316,NA,10,0.01316817797487601
Czechia,CZE,Europe,10673216,138.27767944335938,42.64500045776367,49292.48828125,79.16480255126953,6.539999961853027,NA,7.599999904632568,0
Democratic Republic of Congo,COD,Africa,102396974,45.16749954223633,15.765999794006348,1640.566162109375,60.97890090942383,NA,NA,7.699999809265137,85.31767129898071
Denmark,DNK,Europe,5902901,147.57252502441406,41.21599960327149,72723.2734375,81.29060363769531,2.430000066757202,NA,6.400000095367432,0.3592246910557151
Djibouti,DJI,Africa,1137101,49.05526351928711,24.084999084472656,7222.5498046875,65.54019927978516,1.399999976158142,NA,6.5,25.36087930202484
Dominica,DMA,North America,66847,89.12933349609375,35.29499816894531,19409.291015625,71.080596923828125,3.9700000286102295,NA,12.899999618530272,NA
Dominican Republic,DOM,North America,11230734,236.2823028564453,27.316999435424805,24543.341796875,74.21080017089844,0.75,NA,17.600000381469727,0.7753300946205854
East Timor,TLS,Asia,1369299,92.08466339111328,20.63999938964844,4109.904296875,67.36840057373047,0.3799999952316284,NA,3.200000047683716,44.03270781040192
Ecuador,ECU,South America,17823900,71.766387939453125,27.975000381469727,14319.240234375,76.57669830322266,1.3200000524520874,NA,4.900000095367432,3.4184567630290985
Egypt,EGY,Africa,112618252,113.1330108642578,23.812999725341797,17265.1484375,71.00969696044922,1.059999942779541,NA,22.399999618530273,1.3737847097218037
El Salvador,SLV,North America,6280316,303.10406494140625,26.510000228881836,12050.0283203125,71.96949768066406,1.2100000381469729,NA,12.699999809265137,4.636839404702187
Equatorial Guinea,GNQ,Africa,1803549,64.29764556884766,21.016000747680664,13786.3935546875,63.35449981689453,NA,NA,8.199999809265137,8.79419893026352
Eritrea,ERI,Africa,3409450,28.167768478393555,18.405000686645508,NA,67.78919982910156,1.0199999809265137,NA,4.400000095367432,NA
Estonia,EST,Europe,1350093,31.58112335205078,41.625,41604.32421875,78.16739654541016,4.130000114440918,NA,6.900000095367432,0.3169490024447441
Eswatini,SWZ,Africa,1218921,70.86750030517578,21.76799964904785,10706.77734375,63.02830123901367,2.0199999809265137,NA,7.900000095367432,44.53093111515045
Ethiopia,ETH,Africa,125384285,111.10001373291016,18.527999877929688,3094.8681640625,66.89710235595703,0.33000001311302185,NA,4.400000095367432,38.63611519336701
Falkland Islands,FLK,South America,3515,0.28882497549057007,40.935001373291016,NA,79.0447998046875,NA,NA,NA,NA
Faroe Islands,FRO,Europe,54039,39.44452667236328,37.53799819946289,72113.6484375,79.263702392578125,NA,NA,5.300000190734863,NA
Fiji,FJI,Oceania,919428,50.324466705322266,27.475000381469727,13961.1181640625,67.148101806640625,1.8899999856948853,NA,16.600000381469727,4.653071612119675
Finland,FIN,Europe,5569300,18.323217391967773,42.5260009765625,55735.21875,81.243499755859375,2.609999895095825,NA,6.900000095367432,0.1950641628354788
France,FRA,Europe,66277412,121.04203033447266,41.56700134277344,55124.5390625,82.47530364990234,5.650000095367432,NA,6.5,0.0697234645485878
French Guiana,GUF,South America,298319,3.60245132446289,25.23500061035156,NA,76.79419708251953,NA,NA,NA,NA
French Polynesia,PYF,Oceania,280388,80.780181884765625,34.15999984741211,NA,83.8593978881836,NA,NA,22.799999237060547,NA
Gabon,GAB,Africa,2430750,9.43357753753662,21.475000381469727,18986.474609375,67.71299743652344,1.950000047683716,NA,8.5,3.810487315058708
Gambia,GMB,Africa,2636472,260.52093505859375,17.985000610351562,3166.621337890625,64.85900115966797,1.1100000143051147,NA,5.5,22.00188785791397
Georgia,GEO,Asia,3794782,54.60903549194336,36.63399887084961,25135.783203125,74.140899658203125,4.039999961853027,NA,6.699999809265137,4.229260981082916
Germany,DEU,Europe,84086227,240.66580200195312,45.02399826049805,62823.7734375,80.57959747314453,7.550000190734863,NA,7.800000190734863,0.7000000216066837
Ghana,GHA,Africa,33149152,145.68942260742188,20.736000061035156,7357.83349609375,65.246002197265625,0.6899999976158142,NA,2.700000047683716,39.02579247951507
Gibraltar,GIB,Europe,37631,3763.10009765625,38.948001861572266,NA,83.5167007446289,NA,NA,NA,NA
Greece,GRC,Europe,10412481,80.77952575683594,45.39099884033203,38218.72265625,79.94409942626953,4.269999980926514,NA,8,0.5942829418927431
Greenland,GRL,North America,56014,0.13646972179412842,33.92399978637695,71037.5390625,70.0519027709961,NA,NA,4.300000190734863,NA
Grenada,GRD,North America,116928,343.9058837890625,32.88600158691406,18240.994140625,75.15080261230469,3.009999990463257,NA,11.300000190734863,0.7673545274883509
Guadeloupe,GLP,North America,384702,237.47036743164065,45.862998962402344,NA,80.90540313720703,NA,NA,NA,NA
Guam,GUM,Oceania,165193,305.9129638671875,30.979999542236328,NA,77.10150146484375,NA,NA,20.299999237060547,NA
Guatemala,GTM,North America,17847877,166.5535430908203,22.243999481201172,12986.5244140625,71.2063980102539,0.44999998807907104,NA,13.199999809265137,9.660949558019638
Guernsey,GGY,Europe,63750,NA,43.880001068115234,NA,83.108001708984375,NA,NA,NA,NA
Guinea,GIN,Africa,14055136,57.199806213378906,17.836000442504883,4216.85986328125,60.43159866333008,0.30000001192092896,NA,4.599999904632568,11.650444567203522
Guinea-Bissau,GNB,Africa,2105535,74.87677764892578,18.732999801635746,2814.08349609375,63.60449981689453,NA,NA,4.800000190734863,39.86110985279083
Guyana,GUY,South America,821638,4.173929214477539,25.304000854492188,83658.6796875,69.88849639892578,3.240000009536743,NA,16.399999618530273,NA
Haiti,HTI,North America,11503603,417.4021301269531,23.25,2677.893798828125,63.948299407958984,4.900000095367432,NA,8.5,65.0974452495575
Honduras,HND,North America,10463880,93.51934814453124,23.20599937438965,6726.1669921875,72.71510314941406,0.5299999713897705,NA,5,15.717370808124542
Hong Kong,HKG,Asia,7465913,7110.3935546875,45.59099960327149,68724.5546875,83.48529815673828,NA,NA,8.199999809265137,NA
Hungary,HUN,Europe,9684308,106.1177749633789,42.99300003051758,41160.640625,76.21179962158203,6.630000114440918,NA,8.300000190734863,0.9179572574794292
Iceland,ISL,Europe,380368,3.772369384765625,35.74700164794922,68064.6875,81.58769989013672,2.8299999237060547,NA,6.900000095367432,0.0799420231487602
India,IND,Asia,1425423209,479.425537109375,27.68400001525879,10039.0712890625,71.69840240478516,1.590000033378601,NA,10.5,5.25164008140564
Indonesia,IDN,Asia,278830527,147.33016967773438,29.56100082397461,15091.0087890625,70.92459869384766,1.3700000047683716,NA,11.300000190734863,4.035310819745064
Iran,IRN,Asia,89524247,55.17673110961914,32.340999603271484,16833.78125,76.79930114746094,1.850000023841858,NA,9,2.4873051792383194
Iraq,IRQ,Asia,44070556,101.51512145996094,20.093000411987305,12191.556640625,72.03710174560547,1.059999942779541,NA,13.399999618530272,0.5494187586009502
Ireland,IRL,Europe,5110015,74.17643737792969,37.99700164794922,131338.4375,82.05049896240234,2.9600000381469727,NA,3.5999999046325684,0.08230576640926301
Isle of Man,IMN,Europe,84148,147.62806701660156,45.47600173950195,NA,80.95610046386719,NA,NA,7.5,NA
Israel,ISR,Asia,9103143,420.6628112792969,29.086000442504883,48196.6328125,82.81449890136719,3.140000104904175,NA,10.100000381469728,0.4000000189989805
Italy,ITA,Europe,59619106,201.6086578369141,47.11600112915039,53606.078125,82.052001953125,3.059999942779541,NA,7.699999809265137,0.927226897329092
Jamaica,JAM,North America,2839150,262.1560363769531,31.152999877929688,11357.916015625,71.48090362548828,1.649999976158142,NA,12.5,1.3869243673980236
Japan,JPN,Asia,124997585,342.92889404296875,48.54800033569336,48283.37109375,84.0541000366211,12.59000015258789,NA,8.100000381469727,1.2000000104308128
Jersey,JEY,Europe,103493,NA,42.867000579833984,NA,79.72570037841797,NA,NA,NA,NA
Jordan,JOR,Asia,11256269,126.76834869384766,23.94300079345703,10794.240234375,77.08799743652344,1.409999966621399,NA,20.5,NA
Kazakhstan,KAZ,Asia,20034612,7.421051502227783,29.347999572753903,37850.578125,73.50279998779297,6.539999961853027,NA,6.800000190734863,0.04017564642708748
Kenya,KEN,Africa,54252458,95.32357025146484,19.27199935913086,5995.40185546875,63.54909896850586,1.3300000429153442,NA,3.0999999046325684,45.48266530036926
Kiribati,KIR,Oceania,130483,161.09011840820312,22.52899932861328,3363.9951171875,66.2686996459961,1.8600000143051147,NA,24.600000381469727,0.929071381688118
Kuwait,KWT,Asia,4589514,257.5484924316406,33.4630012512207,48253.96484375,78.78810119628906,2.3299999237060547,NA,25.600000381469727,NA
Kyrgyzstan,KGZ,Asia,6955792,36.26586151123047,24.975000381469727,7878.44921875,71.48699951171875,3.7300000190734863,NA,7.599999904632568,2.1876486018300056
Laos,LAO,Asia,7559008,32.75133514404297,23.972000122070312,8872.6943359375,68.71520233154297,1.7100000381469729,NA,6.699999809265137,7.126891613006592
Latvia,LVA,Europe,1881059,30.227527618408203,42.94599914550781,38800.54296875,74.87059783935547,4.949999809265137,NA,7.099999904632568,0.44409683905541897
Lebanon,LBN,Asia,5744492,561.533935546875,28.106000900268555,10469.220703125,78.002899169921875,2.7300000190734863,NA,12.300000190734863,5.780612304806709
Lesotho,LSO,Africa,2286112,75.30013275146484,21.263999938964844,2720.957275390625,56.8119010925293,NA,NA,6.199999809265137,41.85849130153656
Liberia,LBR,Africa,5373297,55.785892486572266,18.18000030517578,1692.9259033203125,61.934200286865234,1.590000033378601,NA,9.199999809265137,33.558934926986694
Libya,LBY,Africa,7223804,4.105506896972656,26.91699981689453,14118.2060546875,74.46150207519531,3.5,NA,15.800000190734863,NA
Liechtenstein,LIE,Europe,39338,245.8625030517578,44.01399993896485,NA,83.40540313720703,NA,NA,7.199999809265137,NA
Lithuania,LTU,Europe,2816923,44.991580963134766,42.632999420166016,48839.54296875,74.69599914550781,5.710000038146973,NA,7.5,1.0979139246046543
Luxembourg,LUX,Europe,653315,253.7677764892578,38.67599868774414,127420.6015625,82.20069885253906,3.950000047683716,NA,5.800000190734863,0.08513763314113021
Macao,MAC,Asia,704360,21344.2421875,37.83100128173828,117098.2734375,82.10250091552734,NA,NA,8.100000381469727,NA
Madagascar,MDG,Africa,30437261,52.315677642822266,18.718000411987305,1668.47705078125,63.06769943237305,0.3199999928474426,NA,4.599999904632568,69.17263865470886
Malawi,MWI,Africa,20568731,218.1664276123047,17.334999084472656,1623.021728515625,66.03700256347656,1.2999999523162842,NA,5.699999809265137,75.43821930885315
Malaysia,MYS,Asia,34695494,105.60186767578124,29.572999954223633,35461.4453125,75.44419860839844,1.9600000381469729,NA,21.100000381469727,0.01308294158661738
Maldives,MDV,Asia,524116,1747.0533447265625,30.339000701904297,24401.31640625,80.7594985961914,4.559999942779541,NA,9.5,0
Mali,MLI,Africa,23072641,18.909055709838867,15.348999977111816,2993.251708984375,60.034698486328125,0.25,NA,4.800000190734863,36.10307872295379
Malta,MLT,Europe,528194,1650.606201171875,39.74599838256836,63655.515625,82.249603271484375,4.090000152587891,NA,10,0.3938834182918072
Marshall Islands,MHL,Oceania,40094,222.74444580078125,20.96500015258789,7660.376953125,66.72450256347656,NA,NA,25.700000762939453,2.100958488881588
Martinique,MTQ,North America,349462,329.6811218261719,48.23899841308594,NA,80.8364028930664,NA,NA,NA,NA
Mauritania,MRT,Africa,4875644,4.730420112609863,16.992000579833984,6559.04345703125,68.28070068359375,NA,NA,5.199999809265137,10.221504420042038
Mauritius,MUS,Africa,1276134,639.0255126953125,36.51300048828125,28769.513671875,73.54450225830078,3.799999952316284,NA,20.100000381469727,0.5401915870606899
Mayotte,MYT,Africa,305279,816.2540283203125,16.697999954223633,NA,75.1272964477539,NA,NA,NA,NA
Mexico,MEX,North America,128613116,66.16070556640625,28.527999877929688,21911.9296875,73.97309875488281,1.0099999904632568,NA,16.399999618530273,1.64585430175066
Micronesia (country),FSM,Oceania,112122,160.17428588867188,22.607999801635746,3934.642578125,66.960601806640625,NA,NA,19.200000762939453,26.14707946777344
Moldova,MDA,Europe,3039986,92.2046127319336,37.47800064086914,17087.1875,71.54650115966797,5.539999961853027,NA,6.300000190734863,0.12922239257022738
Monaco,MCO,Europe,38950,18690.01953125,54.974998474121094,NA,85.74639892578125,21.989999771118164,NA,6.900000095367432,NA
Mongolia,MNG,Asia,3386015,2.173996686935425,26.617000579833984,17772.53515625,71.50489807128906,8.579999923706055,NA,10.300000190734863,0.4398250952363014
Montenegro,MNE,Europe,614649,45.69881057739258,39.08000183105469,28895.31640625,75.92140197753906,3.819999933242798,NA,10.699999809265137,2.4937989190220833
Montserrat,MSR,North America,4476,44.7599983215332,41.3849983215332,NA,76.0376968383789,NA,NA,NA,NA
Morocco,MAR,Africa,37329068,83.64119720458984,28.875,9495.4052734375,75.1613998413086,0.7300000190734863,NA,11.899999618530272,3.6758679896593094
Mozambique,MOZ,Africa,32656242,41.527305603027344,16.249000549316406,1450.9595947265625,63.01150131225586,0.7400000095367432,NA,3,81.3613772392273
Myanmar,MMR,Asia,53756791,82.36442565917969,29.250999450683594,5137.1005859375,66.50579833984375,1.0700000524520874,NA,6.699999809265137,10.266228765249252
Namibia,NAM,Africa,2889668,3.5099029541015625,20.825000762939453,10242.2841796875,64.19029998779297,NA,NA,5.300000190734863,22.863061726093292
Nauru,NRU,Oceania,11822,591.0999755859375,20.572999954223633,12134.8916015625,61.93040084838867,NA,NA,21.799999237060547,9.718574583530426
Nepal,NPL,Asia,29715435,207.2928771972656,24.356000900268555,5276.923828125,70.08689880371094,0.5400000214576721,NA,7.699999809265137,2.4363145232200623
Netherlands,NLD,Europe,17904421,531.7618408203125,41.4630012512207,71378.484375,81.91210174560547,2.4200000762939453,NA,5,0.09726311545819044
New Caledonia,NCL,Oceania,287130,15.707330703735352,33.5890007019043,NA,77.69830322265625,NA,NA,22,NA
New Zealand,NZL,Oceania,5131731,19.48931312561035,37.06800079345703,48232.6640625,81.006103515625,2.509999990463257,NA,6.699999809265137,NA
Nicaragua,NIC,North America,6730662,55.930381774902344,24.91200065612793,7933.48876953125,74.46260070800781,0.9700000286102296,NA,10.399999618530272,6.570377945899963
Niger,NER,Africa,25311978,19.98261451721191,15.10200023651123,1860.548583984375,60.398101806640625,0.2800000011920929,NA,4.099999904632568,60.489869117736816
Nigeria,NGA,Africa,223150906,245.01345825195312,17.566999435424805,8145.14794921875,54.07899856567383,NA,NA,3,41.81954860687256
Niue,NIU,Oceania,1844,7.0923075675964355,36.72100067138672,NA,69.81819915771484,NA,NA,NA,NA
North Korea,PRK,Asia,26328843,218.65994262695312,35.80500030517578,NA,73.64109802246094,12.800000190734863,NA,9.899999618530272,NA
North Macedonia,MKD,Europe,1840236,72.96733093261719,39.90999984741211,25094.623046875,76.64550018310547,4.739999771118164,NA,7.400000095367432,3.94035130739212
Northern Mariana Islands,MNP,Oceania,46101,100.21956634521484,35.17900085449219,NA,78.53119659423828,NA,NA,NA,NA
Norway,NOR,Europe,5456796,14.98008632659912,39.43600082397461,95173.4296875,82.63089752197266,3.299999952316284,NA,4.800000190734863,0.19705931190401316
Oman,OMN,Asia,4730229,15.283453941345217,28.972999572753903,36142.9453125,77.91059875488281,0.9900000095367432,NA,17,NA
Pakistan,PAK,Asia,243700667,316.1330871582031,20.14800071716309,5617.2509765625,67.41670227050781,0.6299999952316284,NA,31.399999618530273,22.956307232379913
Palau,PLW,Oceania,17784,38.66086959838867,37.48400115966797,19698.59375,68.92220306396484,NA,NA,19.299999237060547,NA
Palestine,PSE,Asia,5305274,880.54339599609375,19.604999542236328,4272.45751953125,76.66239929199219,1.2999999523162842,NA,15.5,2.0733127370476723
Panama,PAN,North America,4400775,59.325626373291016,29.27300071716309,37516.1796875,79.3240966796875,1.950000047683716,NA,11.100000381469728,3.1258318573236465
Papua New Guinea,PNG,Oceania,10203177,22.530532836914062,22.12700080871582,4456.23095703125,65.27359771728516,0.6200000047683716,NA,14.100000381469728,NA
Paraguay,PRY,South America,6760460,17.016008377075195,26.045000076293945,17245.845703125,72.31849670410156,1.0399999618530271,NA,9.399999618530272,2.105332911014557
Peru,PER,South America,33475436,26.152685165405273,29.09600067138672,16079.125,76.83399963378906,1.559999942779541,NA,6.400000095367432,5.1405638456344604
Philippines,PHL,Asia,113964343,382.212646484375,24.86599922180176,10747.5458984375,69.47229766845703,0.9700000286102296,NA,7.5,11.531732976436617
Pitcairn,PCN,Oceania,NA,NA,NA,NA,NA,NA,NA,NA,NA
Poland,POL,Europe,38385734,125.40259552001952,40.86399841308594,46924.58984375,77.92289733886719,6.039999961853027,NA,8.100000381469727,0.2441274467855692
Portugal,PRT,Europe,10417074,113.71656036376952,45.805999755859375,42576.8125,81.193603515625,3.4800000190734863,NA,10.5,0.41326326318085194
Puerto Rico,PRI,North America,3240972,365.38580322265625,45.196998596191406,44603.21875,79.4269027709961,NA,NA,10.899999618530272,NA
Qatar,QAT,Asia,2892466,251.73768615722656,32.45800018310547,110135.6953125,81.856597900390625,1.25,NA,24.600000381469727,0
Reunion,REU,Africa,871543,347.2283020019531,37.064998626708984,NA,81.5,NA,NA,NA,NA
Romania,ROU,Europe,19166776,83.3048324584961,42.39099884033203,40845.984375,75.26139831542969,7.230000019073486,NA,7.5,0.7001521531492472
Russia,RUS,Europe,145579889,8.889359474182129,39.07099914550781,42357.98828125,72.51740264892578,6.809999942779541,NA,5.900000095367432,0.04168040177319199
Rwanda,RWA,Africa,13651025,553.34515380859375,19.219999313354492,3558.679931640625,67.52799987792969,0.75,NA,2.0999999046325684,38.55049014091492
Saint Barthelemy,BLM,North America,10948,NA,38.707000732421875,NA,84.28050231933594,NA,NA,NA,NA
Saint Helena,SHN,Africa,5369,13.766666412353516,50.2140007019043,NA,76.735198974609375,NA,NA,NA,NA
Saint Kitts and Nevis,KNA,North America,46732,179.73846435546875,34.97100067138672,31427.662109375,70.31310272216797,3.9800000190734863,NA,13.800000190734863,NA
Saint Lucia,LCA,North America,178794,293.10491943359375,33.316001892089844,24502.962890625,72.6698989868164,1.090000033378601,NA,11.399999618530272,6.403649598360062
Saint Martin (French part),MAF,North America,28899,577.97998046875,38.400001525878906,NA,80.2354965209961,NA,NA,NA,NA
Saint Pierre and Miquelon,SPM,North America,5760,25.04347801208496,45.98899841308594,NA,76.698699951171875,NA,NA,NA,NA
Saint Vincent and the Grenadines,VCT,North America,102063,261.70001220703125,33.632999420166016,19483.013671875,71.19059753417969,3.2100000381469727,NA,8.600000381469727,NA
Samoa,WSM,Oceania,215270,77.43524932861328,20.090999603271484,7963.427734375,71.55030059814453,NA,NA,25.399999618530273,4.4585637748241425
San Marino,SMR,Europe,34113,568.54998779296875,46.78200149536133,70951.7890625,85.70819854736328,3.3499999046325684,NA,8.600000381469727,NA
Sao Tome and Principe,STP,Africa,226313,235.74270629882812,18.868999481201172,5459.212890625,69.23680114746094,2.9100000858306885,NA,12.100000381469728,13.006116449832916
Saudi Arabia,SAU,Asia,32175351,14.967437744140623,28.731000900268555,63051.046875,77.30979919433594,2.4100000858306885,NA,23.100000381469727,NA
Senegal,SEN,Africa,17651099,91.6797332763672,18.88800048828125,4668.54150390625,67.78839874267578,0.7099999785423279,NA,3.799999952316284,17.887471616268158
Serbia,SRB,Europe,6791215,80.76126861572266,43.67499923706055,27603.392578125,75.47779846191406,5.78000020980835,NA,10.5,1.0941900312900543
Seychelles,SYC,Africa,125533,272.8978271484375,33.38800048828125,30638.72265625,71.24810028076172,2.630000114440918,NA,9.300000190734863,0.6736329291015863
Sierra Leone,SLE,Africa,8276809,114.66900634765624,19.040000915527344,3176.23681640625,61.27479934692383,NA,NA,4.800000190734863,41.48519933223725
Singapore,SGP,Asia,5649888,7868.9248046875,34.87799835205078,139592.609375,82.92109680175781,2.809999942779541,NA,11.399999618530272,NA
Sint Maarten (Dutch part),SXM,North America,42163,1240.0882568359375,41.47999954223633,48273.42578125,76.1803970336914,NA,NA,NA,NA
Slovakia,SVK,Europe,5473195,113.83516693115234,40.90399932861328,40689.81640625,77.03559875488281,5.570000171661377,NA,7.099999904632568,0.4521372728049755
Slovenia,SVN,Europe,2115231,105.0451431274414,43.49700164794922,49091.01953125,80.79329681396484,4.110000133514404,NA,7,0
Solomon Islands,SLB,Oceania,781075,27.905502319335938,20.030000686645508,2382.13134765625,70.408599853515625,NA,NA,12,40.30148684978485
Somalia,SOM,Africa,17801895,28.376789093017575,15.371000289916992,1403.8138427734375,53.93149948120117,0.8700000047683716,NA,5.800000190734863,NA
South Africa,ZAF,Africa,62378417,51.42109680175781,27.91900062561035,13592.048828125,65.45359802246094,NA,NA,7.199999809265137,17.435920238494873
South Korea,KOR,Asia,51782515,530.55853271484375,43.944000244140625,55697.0859375,82.72699737548828,12.8100004196167,NA,9.600000381469728,0.10000000474974512
South Sudan,SSD,Africa,11021175,17.440500259399414,17.59000015258789,NA,57.202598571777344,NA,NA,4.599999904632568,76.50264501571655
Spain,ESP,Europe,47828386,95.70783233642578,44.391998291015625,49318.10546875,82.36609649658203,2.9100000858306885,NA,9.699999809265137,0.81340838223695755
Sri Lanka,LKA,Asia,22834965,369.1394348144531,32.56100082397461,14582.7607421875,77.29959869384766,3.930000066757202,NA,10.199999809265137,2.7054540812969208
Sudan,SDN,Africa,49383344,26.436479568481445,18.1200008392334,1873.3856201171875,65.69499969482422,0.6600000262260437,NA,19,10.099956393241882
Suriname,SUR,South America,623172,3.994692325592041,27.864999771118164,19357.390625,73.25379943847656,2.869999885559082,NA,13.800000190734863,2.178042568266392
Sweden,SWE,Europe,10487335,25.74946975708008,39.72800064086914,63362.4609375,83.0459976196289,1.899999976158142,NA,5.800000190734863,0.8379480801522732
Switzerland,CHE,Europe,8792180,222.53257751464844,41.96099853515625,85732.109375,83.20030212402344,4.380000114440918,NA,5.300000190734863,0.2086946740746498
Syria,SYR,Asia,22462170,122.32298278808594,21.58799934387207,4579.43994140625,72.78980255126953,1.4299999475479126,NA,19,17.96185076236725
Taiwan,TWN,Asia,23420107,661.39813232421875,42.91699981689453,NA,80.15689849853516,NA,NA,NA,0.10000000474974512
Tajikistan,TJK,Asia,10182228,73.3642807006836,21.742000579833984,5061.84716796875,71.5624008178711,4.039999961853027,NA,8,6.133540719747543
Tanzania,TZA,Africa,64711822,73.0546646118164,17.124000549316406,3820.61181640625,66.87860107421875,0.8399999737739563,NA,9.800000190734863,51.34686827659607
Thailand,THA,Asia,71735321,140.41246032714844,39.194000244140625,22431.751953125,75.29129791259766,2.390000104904175,NA,10.199999809265137,0.01468456903239712
Togo,TGO,Africa,8068616,148.347412109375,18.113000869750977,3485.98193359375,62.289798736572266,0.33000001311302185,NA,4.800000190734863,34.66113209724426
Tokelau,TKL,Oceania,2312,231.1999969482422,26.55500030517578,NA,76.88700103759766,NA,NA,NA,NA
Tonga,TON,Oceania,105053,145.90695190429688,20.72599983215332,7412.8662109375,72.63529968261719,NA,NA,19.600000381469727,0.4088190384209156
Trinidad and Tobago,TTO,North America,1495923,291.6029357910156,36.22600173950195,31721.576171875,73.33080291748047,2.369999885559082,NA,12.399999618530272,NA
Tunisia,TUN,Africa,12119338,78.00809478759766,31.743999481201172,13017.6337890625,76.05049896240234,1.8200000524520872,NA,16,0.6540433503687382
Turkey,TUR,Asia,87058469,113.11730194091795,32.071998596191406,37300.75,77.59130096435547,3.049999952316284,NA,16.5,0.17505723517388103
Turkmenistan,TKM,Asia,7230197,15.385689735412598,25.930999755859375,19313.943359375,69.913299560546875,3.5999999046325684,NA,7.099999904632568,NA
Turks and Caicos Islands,TCA,North America,45869,48.28315734863281,37.86600112915039,33390.52734375,77.9176025390625,NA,NA,NA,NA
Tuvalu,TUV,Oceania,10012,333.73333740234375,24.256000518798828,5776.07861328125,66.85160064697266,NA,NA,19,NA
Uganda,UGA,Africa,47312718,235.9501190185547,16.33799934387207,2980.37939453125,67.67469787597656,NA,NA,2.200000047683716,59.78437662124634
Ukraine,UKR,Europe,41048768,70.84703063964844,41.45100021362305,16155.0732421875,72.658203125,6.139999866485596,NA,6,0.03376775130163878
United Arab Emirates,ARE,Asia,10242085,144.21409606933594,30.902999877929688,69701.7890625,80.48680114746094,1.8700000047683716,NA,20.700000762939453,0
United Kingdom,GBR,Europe,68179315,281.814208984375,39.50400161743164,53993.1171875,81.07440185546875,2.4200000762939453,NA,7.400000095367432,0.4000000189989805
United States,USA,North America,341534041,37.33665084838867,37.720001220703125,76931.3125,77.97889709472656,2.680000066757202,NA,13.699999809265137,1.0999999940395355
United States Virgin Islands,VIR,North America,86521,247.20285034179688,44.57099914550781,46479.30078125,75.0448989868164,NA,NA,9.100000381469728,NA
Uruguay,URY,South America,3390913,19.374431610107425,35.49599838256836,32741.625,76.46820068359375,2.440000057220459,NA,7.800000190734863,0.16715977108106017
Uzbekistan,UZB,Asia,34938953,79.2890396118164,26.836000442504883,11622.85546875,72.14649963378906,4.889999866485596,NA,7.5,2.3006621748209
Vanuatu,VUT,Oceania,313061,25.681787490844727,20.121000289916992,3866.998046875,71.30159759521484,NA,NA,19.700000762939453,19.49560344219208
Vatican,VAT,Europe,513,1165.9090576171875,59.875,NA,83.33540344238281,NA,NA,NA,NA
Venezuela,VEN,South America,28213015,31.98573303222656,28.809999465942383,NA,72.56559753417969,0.9900000095367432,NA,8.600000381469727,NA
Vietnam,VNM,Asia,99680656,318.03265380859375,31.937999725341797,15457.349609375,74.50250244140625,2.5199999809265137,NA,3.4000000953674316,1.60335972905159
Wallis and Futuna,WLF,Oceania,11501,82.1500015258789,36.5989990234375,NA,78.50050354003906,NA,NA,NA,NA
Western Sahara,ESH,Africa,568746,2.1381428241729736,31.697999954223633,NA,71.14320373535156,NA,NA,NA,NA
Yemen,YEM,Asia,38222878,72.39592742919922,18.118000030517575,NA,67.95169830322266,0.4600000083446502,NA,5.5,33.30049514770508
Zambia,ZMB,Africa,20152935,27.10950469970703,17.288000106811523,3742.25634765625,65.27909851074219,NA,NA,10.300000190734863,71.6561496257782
Zimbabwe,ZWE,Africa,16069061,41.53822326660156,17.683000564575195,5529.23291015625,62.36009979248047,1.950000047683716,NA,1.5,49.21989440917969
